"PC1","PC2","PC3","PC4","PC5","PC6","PC7","PC8","PC9","PC10","PC11","PC12","PC13","PC14","PC15","PC16","PC17","PC18","PC19","PC20","PC21","PC22","PC23","PC24","Class"
"-2.024649473"," 1.1667666077"," 0.2255841347","-0.314403789","-0.268934466"," 0.751013349","-0.483890497"," 0.3774115905","-0.2962365481"," 0.56606014532","-0.5638182806"," 0.2748212301"," 0.0754125894","-0.13775460736"," 0.1560053932"," 0.271627637"," 0.2512749713","-0.3631601882","-0.0200328900"," 0.0318452174"," 0.28363145872","-0.11637321922","-0.12454928187"," 6.1809140e-03","normal"
"-1.135965726","-1.4859429767"," 1.3197667158"," 0.796066055","-0.391586711","-0.219875575","-0.244863099","-0.3409192381"," 0.4322881814","-0.09947488270","-0.1880795267","-0.0664145984"," 0.0101291855"," 0.43357543062"," 0.1869413647","-0.109680233","-0.6354505384","-0.0044877946","-0.6614439369"," 0.0493120904"," 0.20884109404"," 0.39871512449","-0.10912591721"," 2.2057613e-02","normal"
"-3.119251842"," 0.5134427789"," 1.2619092882"," 1.377540667","-0.055911042"," 0.498936153"," 1.324195816"," 0.3245070883","-0.4516307275","-0.13867077142"," 0.2302725242"," 0.5465813495","-0.0721387205","-0.14053830077"," 0.2939181992"," 0.181673639","-0.2104659702"," 0.0652549168","-0.2630648821","-0.2419935600"," 0.02796910273","-0.22958775092"," 0.07664062419","-2.4743649e-03","normal"
"-3.587092491","-0.6957793897"," 0.4604878830"," 1.103030321","-0.741232828","-0.837323889"," 0.803585884"," 0.0921013523","-0.1424776509","-0.55542811244","-0.0386402174"," 0.2373792115","-0.2084600316"," 0.01455022401","-0.2568775878","-0.298580925","-0.3049290681"," 0.1408960068","-0.0700427827","-0.0231068821","-0.21632345554","-0.09187153195"," 0.06153879722","-9.1302142e-03","normal"
"-1.913973096"," 0.7970534790"," 1.7581745265"," 0.923305080","-0.834902113"," 0.074080705","-1.561115368","-1.7895070317"," 0.4507001096"," 0.89792789422"," 0.4077456462"," 0.3747438983","-0.1214609880"," 0.00855850437"," 0.2508521481"," 0.036020374","-0.3167545233"," 0.4880234218","-0.0182615538"," 0.3926498989"," 0.15434268041","-0.14726895453"," 0.17365275575"," 7.3936165e-03","normal"
"-3.601138271","-0.8877262812"," 0.8505733463"," 0.148340951","-0.345140532","-1.111647843"," 1.562252532"," 0.7164434936","-0.1290960259","-0.46379941657","-0.0079081376"," 0.3567442061","-0.2755530159"," 0.46046296154"," 0.2832936817","-0.500565426","-0.3063871607","-0.1221960076","-0.0535477000"," 0.0788815438","-0.13399110343"," 0.09652817088","-0.03559023456"," 1.2965314e-02","normal"
"-3.219869066","-1.5145379208"," 3.1115985508","-0.895879619","-1.353544318"," 0.328055887"," 0.024632703","-0.1594964942"," 0.4661846056"," 0.51756394231","-0.1959632258","-0.1964993818"," 0.3151459499"," 0.35942954940"," 0.3773101579","-0.293058606"," 0.1380897686"," 0.0665260018","-0.0535793143"," 0.0407494735","-0.18233330134"," 0.00900359501"," 0.06368348706"," 4.9592783e-03","normal"
"-1.460592503","-0.1339048203","-5.1500560476","-2.040806405"," 0.945339876","-0.289296657","-1.114715259"," 0.7129427297"," 1.0049634795","-0.20272186367"," 0.2673632333","-0.9781741041","-1.4311148730"," 0.17637959033","-0.2423045343","-0.541331939","-0.1867057553"," 0.0663556647"," 0.2419717165"," 0.2434030207"," 0.10867654789"," 0.30705765590","-0.08330813482"," 9.8100115e-03","normal"
"-1.697562904"," 1.9797583678","-0.1745402311"," 1.205249790","-0.058379011"," 0.438554955"," 1.314396274","-0.5556320014","-0.5297145788","-0.64068737504"," 0.7958803725"," 0.1333530343"," 0.1676015116"," 0.25864984183","-0.2746883001","-0.258082681","-0.0204415708","-0.0430446167"," 0.0429879703","-0.1117151058","-0.27708476887","-0.00285225717","-0.04037037243"," 3.9607444e-03","normal"
"-1.845804927","-2.9070017428","-2.4707417741"," 0.473024214","-1.159508537","-0.578429492"," 0.019974578"," 0.0683603588","-0.2187648221","-0.32117426059","-0.0950270555"," 0.3134138776"," 0.5733820966"," 0.02512525963","-0.1101397639"," 0.581226517"," 0.3127069642"," 0.2779664656","-0.2008143235"," 0.0886666229"," 0.25042627175","-0.22219871116"," 0.14191696564"," 3.6467885e-03","normal"
"-1.938613230","-0.3552845767"," 2.3987243336","-0.425746233"," 0.291165246"," 0.558768156","-0.314505507","-0.9642878071"," 1.3060195990"," 1.28243913930","-0.9307495125"," 0.0758912585","-0.0761031283","-0.29490684593","-0.2792468683"," 0.106975507","-0.0941469230","-0.2888257019","-0.2264841079","-0.1824895244","-0.13506367417","-0.17738830160","-0.03746789821"," 6.8915194e-03","normal"
"-2.765442392"," 1.7424423017"," 0.8107106537"," 0.361899768","-0.946445662"," 0.828799071","-1.261521553","-0.3956875401"," 0.4900828450"," 0.39236166555","-0.7107005734","-0.0282788683","-0.0605205652","-0.05998124451"," 0.4044235178","-0.429120490","-0.0814915385","-0.0790182370","-0.2736210549","-0.1494365372"," 0.00701101914"," 0.02290573754","-0.09452651127","-4.9366737e-03","normal"
"-1.624236182"," 0.2165768280"," 0.1230342477","-0.934331557"," 0.643400704"," 0.673291626","-0.009540732"," 0.4045469240"," 0.0596027917"," 0.69014702818"," 0.1447303591"," 0.2599439500"," 0.3727778417"," 0.09929487248","-0.1410780795","-0.015437031"," 0.0172191194","-0.1408496620"," 0.0095504787","-0.2513468164","-0.20096629522","-0.04768156443"," 0.01202065439","-2.4797799e-03","normal"
"-3.706803302","-2.6492962989","-2.2064406853","-0.330286381","-1.057911595","-1.488755042","-1.128442962"," 0.3731035108","-0.2134080268","-0.04309271120"," 0.0701491585","-0.1466389287","-0.4404532583","-0.54729663166","-0.3059838248"," 0.509393165","-0.1253839015"," 0.0887354322"," 0.0845231324"," 0.0872184995","-0.15384182795","-0.10093210625","-0.07993994977"," 2.0943726e-02","normal"
"-3.421801837"," 0.0285498856","-1.6710056753"," 0.027257668"," 1.863063699"," 0.032975565"," 0.825433614"," 0.4424775482"," 0.7503305693"," 0.35356379361","-0.2807850368","-0.4399619343","-0.7088153151"," 0.12879275368"," 0.4348501560","-0.530449479"," 0.0422730588","-0.2808615096"," 0.0453451371","-0.0885110241","-0.03994526645","-0.00400934614"," 0.02687379800","-5.0001424e-03","normal"
"-2.620524545","-2.6377091908"," 0.9485755193","-1.435084687"," 0.339811306"," 0.441670324","-0.671909132","-0.9241778186"," 0.9042870772"," 1.55099214503"," 0.3988977543"," 0.1564105639","-0.1298581432","-1.10499701095","-0.8414055783"," 0.388606972","-0.5079191516"," 0.0434510308"," 0.4468718943","-0.0298882418"," 0.02434085508"," 0.02820721846"," 0.02126197274","-3.2217720e-03","normal"
"-5.888711600","-2.6917124274"," 2.7563744255","-0.304730418","-3.265950337","-1.727230623","-0.245141006"," 0.8591151451","-1.1208250468","-0.73057729010"," 0.5067410566","-0.4927172461","-0.1827842746","-0.10192664626","-0.2017804564"," 0.131962761","-0.0469987429","-0.1072037879"," 0.2975231437"," 0.2335605790"," 0.13136634604"," 0.02104080957"," 0.05602996843","-2.0212440e-04","normal"
"-2.437878790","-0.1021112477"," 1.5548822603"," 0.034498299"," 0.205271679","-0.109554824"," 0.724667671"," 0.9447182504","-0.3202584367","-0.67837341628","-0.0582700591"," 0.1458919802"," 0.4516082608"," 0.69430641652","-0.3532695130","-0.120380436"," 0.1071132554"," 0.0148473520"," 0.1627536240","-0.1946982129","-0.06126761355"," 0.30455090885","-0.13040185063"," 6.8126756e-03","normal"
"-1.547646710"," 2.3020925637","-1.1744717885"," 0.273751242"," 0.711904788"," 1.555656455","-0.594066979","-0.1792218109"," 0.2296155591","-0.01240160887"," 0.2188424623"," 0.0572577828"," 0.0751484902","-0.04393785568"," 0.2957864916","-0.088712519"," 0.2091125545","-0.1181216864"," 0.0586550740","-0.0794140489"," 0.15770531556"," 0.23272936783","-0.13441499678"," 1.0468604e-03","normal"
"-1.810415489","-0.1299431614"," 0.1904520742","-0.049208022"," 0.639181240"," 0.742194810"," 1.228655341"," 0.4881544541"," 0.2668487925","-0.05380876266","-0.3263007623"," 0.0310573762","-0.0067091647"," 0.24213334095"," 0.1075018676","-0.097262187","-0.0743685903","-0.2597262066","-0.2327380504"," 0.1096860730"," 0.04530949742","-0.15012875288"," 0.03794730412"," 1.5773417e-03","normal"
"-1.830724441","-3.4807502885","-4.3587214005","-0.569480720"," 0.145831278","-0.631402405","-0.348255367","-0.8687812119"," 0.2347967297"," 0.47106604739","-0.7085811085"," 0.0934050521"," 0.4751615743"," 0.43420650958","-0.4297757025","-0.011564471"," 0.3154337789","-0.2851407166"," 0.0938975073","-0.0818629120","-0.04628544275"," 0.02416299494"," 0.06084741508"," 6.1199707e-04","normal"
"-2.056451125","-2.3288065580","-0.3034316191","-1.615078654"," 0.520446383"," 0.213120092"," 0.420941578","-0.0903788759","-0.1991971700"," 0.56919004499"," 0.1981793647","-0.0935604150","-0.3867728439"," 0.00020081063"," 0.3968603209"," 0.236017101"," 0.0137290426"," 0.1616990774"," 0.2169879824"," 0.1440944292"," 0.15469233945"," 0.19101095060","-0.03791278805"," 2.0061011e-04","normal"
"-4.147428305","-1.4014242234"," 1.2201772338"," 0.065313575","-0.018473847","-0.144199338"," 0.245211447"," 0.2361266819"," 0.3644439366"," 0.01924830780"," 0.6003607320","-0.2193225862","-0.0939740215","-0.51550187163","-0.2197765744"," 0.072804609","-0.3843227282","-0.4720136844","-0.0537254594","-0.0642406632","-0.05651892377","-0.08052137813"," 0.08601557003","-1.3072613e-02","normal"
"-1.286008732","-1.6675490961","-0.2600080737","-0.201153988"," 1.155923865"," 1.206522572"," 1.032496474","-0.2204772077","-0.0018344089"," 0.17728859459"," 0.6938035309"," 0.0912207765"," 0.0778786979"," 0.10494291313","-0.3124041010","-0.121604234","-0.0798273947"," 0.4760291563"," 0.1121522495","-0.1935640835","-0.03447913010"," 0.11616879373"," 0.15368745799"," 1.2418387e-02","normal"
"-2.688499946"," 0.6703777194"," 2.0185942708","-0.769043813","-0.839654332"," 0.281613224","-0.355112175","-0.0639936007"," 0.4471065619"," 0.66810434694","-1.1331855182","-0.0327411734"," 0.0756907202","-0.19496556849"," 0.2916522174","-0.346983253"," 0.3808058270","-0.1520924734"," 0.1150818344","-0.1300927846"," 0.08324222535","-0.11249460392"," 0.01287101128","-1.4030810e-02","normal"
"-1.927547716"," 1.4842688249"," 0.4764068859"," 2.401271793","-0.965884245"," 0.126352250","-0.053068342","-0.3555533404","-0.5157521377"," 0.05239111702"," 0.5110224661","-0.9256260545"," 0.5154622695"," 0.26350080766","-0.0920866268"," 0.912839690","-0.0276258657"," 0.1041027124"," 0.2503055690"," 0.3405590213"," 0.01523931135"," 0.06673495343"," 0.14046686500","-2.3080863e-02","normal"
"-2.918341065"," 1.1623421434"," 0.3863721301"," 0.600450065","-0.331966650","-0.432102472","-0.621711026"," 0.0427088635"," 0.4316723873"," 0.16156048533","-0.5865763704"," 0.1048113765","-0.1311786549","-0.03230390614","-0.1072510520","-0.357270557","-0.2135071372","-0.3804521188","-0.1399787474","-0.1296857603","-0.01061816173"," 0.07522147611","-0.08855334156"," 8.1377147e-03","normal"
"-1.906088987"," 0.1935121215","-0.5621698342","-0.329794375"," 0.536080131"," 0.745198359"," 0.027301316"," 0.2330844697"," 0.4941978485"," 0.56816482266","-0.7531206108"," 0.0430347851"," 0.0023184205"," 0.20841292216"," 0.2634707931","-0.085832170"," 0.0838844874","-0.3860051272","-0.0948147735","-0.0183485924"," 0.15396183729"," 0.00818132027"," 0.03228464652"," 3.5859474e-03","normal"
"-2.512764232"," 1.3005224205","-0.4611122790"," 1.077230213"," 0.096080548","-0.316748743"," 0.166023186"," 0.1572974094"," 0.2175648500","-0.04337697915","-0.0167108321"," 0.3164192829","-0.1850862287"," 0.48707185442","-0.1106323765","-0.513185816"," 0.4007547580"," 0.3505680099","-0.0029920046","-0.2271886240","-0.26135918354"," 0.08215516310"," 0.04812851333"," 1.0165039e-02","normal"
"-3.637016932","-1.7340730492"," 0.1683298927"," 0.203087190"," 1.796336193"," 0.969882890"," 2.798093781","-1.0127797604","-0.3709453807"," 0.33716765432"," 1.2684991405"," 0.3953520460","-0.3874493911","-0.19603662220","-0.2781802272","-0.180151238","-0.3510616861","-0.0975254993"," 0.3243823402","-0.1568439627"," 0.01315414348","-0.11895294637"," 0.16045490672","-1.8311697e-03","normal"
" 0.846211341"," 0.2396410591"," 0.5691348238","-0.012161223"," 1.751557445","-0.523037788","-0.897789403","-0.3954442168"," 1.0466964612"," 0.61078859578"," 0.4744109267"," 0.5726208967"," 0.2049545659","-0.05450735784","-0.6728448400","-0.096086886","-0.1577261227"," 0.1969024906"," 0.2676551788","-0.2013398712"," 0.25533705318"," 0.30055911083"," 0.01619344928","-7.6314271e-03","normal"
"-4.078787264"," 1.1482143054","-0.9351023674"," 1.299307773"," 0.765041190","-0.297564188"," 0.237682029"," 1.2145229192","-0.0366500061","-0.30786498095"," 0.2658801021","-0.1482213115","-0.6168441160"," 0.03316096957","-0.1733822810","-0.026727549"," 0.1441085001","-0.0179188240"," 0.1072364152","-0.2132100050","-0.00304467321"," 0.10492316826","-0.06572240504"," 5.3402189e-03","normal"
"-1.940302518"," 2.9786677441","-0.9185013275"," 0.875294351"," 0.134529916"," 0.042412869","-0.438467856"," 0.0107827657"," 0.3469517706","-0.58103265418","-0.0140988901"," 0.3380931506","-0.0278500919"," 0.33567991204","-0.0086351996","-0.475473864"," 0.1727998349","-0.0563419847"," 0.0477732929"," 0.1023182073","-0.34313325193"," 0.01439732082"," 0.00103933902","-7.8500348e-03","normal"
"-2.002506355"," 2.2800180023","-1.1986358096"," 0.895107592","-0.028788497"," 0.204276176"," 0.563348814","-0.0048678992","-0.3327669568","-0.62209140173"," 0.4600840442"," 0.6137045183","-0.2400361065"," 0.08933184178","-0.2513114776","-0.444571677","-0.5626155423"," 0.1675556905"," 0.2117412896"," 0.1569894669","-0.27117260557"," 0.13467162925","-0.09773551195","-3.7860331e-03","normal"
"-3.268356826"," 0.4853276711"," 0.2729553571"," 0.812168296","-0.609654079","-0.444161100","-0.984405171"," 1.2885822725","-0.2952827060","-0.06433768930","-0.1197512009","-0.0502624985","-0.0273708930","-0.43363367719","-0.4319850593"," 0.372537590","-0.0437407295"," 0.0548542125"," 0.0274842423","-0.2256534252"," 0.04120630261"," 0.09941536507","-0.09605318430","-5.9661175e-03","normal"
"-3.299654915"," 0.1824638891"," 0.3687352440","-0.155611467","-1.596017947"," 0.183316383","-1.092560015","-0.4564424346","-0.1052278643","-0.02128056041","-0.2768831964","-0.1785460794","-0.1122023738","-0.15506083641"," 0.1017420650","-0.419994405","-0.1243524812"," 0.0690442948"," 0.0416984541","-0.0368795843","-0.04716502448"," 0.01916844971","-0.00234588681"," 9.2854065e-04","normal"
"-2.460669059"," 0.9028713045","-0.5063370437"," 1.047700467"," 0.618794930"," 0.167025974"," 0.050732516"," 0.2177464091","-0.1847686910"," 0.04239604605"," 0.5329461304"," 0.1187023684","-0.2014934313"," 0.11710427450"," 0.3948416929"," 0.053412629","-0.0057343966"," 0.1579249775"," 0.0363571174"," 0.0371625236"," 0.09324425287"," 0.20962451719","-0.04810815718","-5.4912790e-03","normal"
"-3.074357497","-2.2836946455","-2.7800227690","-0.408414636","-0.072640141","-0.983843256","-0.341439691"," 0.2067392104","-0.0846983480"," 0.16269658895"," 0.2770303601"," 0.0882606043"," 0.2022428383","-0.20170137063","-0.0447295456"," 0.050318199","-0.0340199350","-0.1772021035","-0.0821113038","-0.2275602911","-0.20310171484","-0.17194201754"," 0.09964069042"," 1.5486284e-03","normal"
"-1.027847304","-1.2556762793"," 0.6789934792","-0.201420733"," 0.341951881"," 0.264042372","-0.324171480"," 0.2371097889","-0.8085427716"," 0.46110761980","-0.0074966520","-0.3966607074","-0.5230408712","-0.33540517512"," 0.6340180290"," 0.769973307"," 0.4623723653"," 0.8273862599"," 0.0152317374","-0.1609951392","-0.47514057525","-0.04706281089"," 0.08660848292"," 1.0081968e-02","normal"
"-4.404144371","-2.3922696863"," 2.3550183763","-2.105352281","-1.999163079"," 0.369392469"," 0.199793443","-0.2979805049","-0.1762489410"," 0.02063635222","-0.1500043775","-0.6741669393"," 0.0221793481","-0.17356487055"," 0.8901195894","-0.405381952"," 0.6251604898","-0.0791823461"," 0.4486763024"," 0.2583026668"," 0.13995891332","-0.00568145999"," 0.08836170952","-1.5244066e-03","normal"
"-2.207112519"," 2.0485810400"," 0.0337199190"," 0.814982948"," 1.836685409"," 1.803618508"," 0.521397957","-0.5430473179"," 0.0457594794"," 0.10654966744"," 0.7473206268"," 0.1436546467"," 0.1500497232","-0.18846761020"," 0.4571847515"," 0.102290827"," 0.0085389346","-0.5059904022"," 0.1892647041"," 0.0429700646"," 0.03482103724"," 0.06117584555"," 0.03655692734"," 9.5550441e-05","normal"
"-3.358356438","-0.0025786427"," 1.9945817448"," 0.185846875","-0.640833775","-0.450837053","-0.023539396"," 0.7571443597","-0.2258982397"," 0.00655020516","-0.1224186146"," 0.1676768241","-0.0122004102"," 0.24366336616","-0.0336040766"," 0.360483841"," 0.1475311764","-0.0961619169"," 0.0415960882","-0.0016757648"," 0.03082051372"," 0.09023347242","-0.11091900242"," 3.5022056e-03","normal"
"-2.190716978","-1.6576772541","-2.3191349563"," 0.524206371"," 0.323433417","-0.012249976"," 0.261819609","-0.0655568100","-0.2051298312","-0.12085460262","-0.3237302139"," 0.1241692490"," 0.3521448250","-0.08619511703","-0.2584600896"," 0.164785626","-0.0926336948"," 0.1369309011"," 0.0396748623","-0.1500556041","-0.12862023860","-0.06002499630","-0.09781873371"," 4.6439777e-03","normal"
"-3.370797688"," 0.4295363703","-0.5201545525"," 1.034509848","-0.453520139","-0.474194032","-0.854065295"," 0.6235125482","-0.3374907641","-0.26114864523","-0.0430207908","-0.3532320376","-0.2999229190","-0.13306811533","-0.6237083529"," 0.186165335"," 0.1370809793"," 0.1019649180","-0.1762639238","-0.3014003832"," 0.12514289969","-0.11940299776","-0.02375828999","-7.9992472e-03","normal"
"-0.884312963","-2.5543342046","-4.7101833494","-2.459416591","-0.408731553"," 0.015386652","-0.584335037","-0.0097757578"," 0.5135999657"," 0.07746267727"," 0.1969897428","-0.1144410601"," 0.4891404258"," 0.54578903123"," 0.0696889257","-0.316955155"," 0.3483445935"," 0.0750128174","-0.1731083401","-0.1535419563","-0.21580008103","-0.10526399507"," 0.20399060469","-1.0555634e-02","normal"
"-3.661329386"," 0.6402045249"," 1.6764508203"," 1.377769323","-1.931616504","-0.462546204","-0.905742741"," 0.4817236125"," 0.0321713318","-0.17523603271","-0.2341140390"," 0.1307654185"," 0.1075022705","-0.12561745552","-0.3161697079","-0.146341964","-0.1091038813"," 0.1208115924","-0.1520590299","-0.1604562006"," 0.08923196176","-0.02480110141"," 0.02947325200"," 9.2844493e-04","normal"
"-2.478210488","-4.9875030582","-3.7101062336","-0.676191703","-1.150007194","-1.445104607"," 1.534691910","-0.6775442218","-0.9034455319","-0.39755369856"," 0.1791802558"," 0.4205895284"," 0.6505755757"," 0.26952634134"," 0.2496938605"," 0.061758359","-0.0749712041","-0.5832873106","-0.1674578912"," 0.2602012398"," 0.11308117627","-0.21085499955","-0.06316849859","-4.8134702e-03","normal"
"-4.047752670","-1.1569028659"," 0.8868258941","-0.532238619","-1.515567370","-0.472214603","-0.090736576"," 0.9187668599"," 0.0796803543"," 0.03650226686"," 0.1599661777","-0.2681284281","-0.1185800454"," 0.25010422670"," 0.0106022652","-0.203384610"," 0.2526140743"," 0.0323282019"," 0.0833693692"," 0.0219178552"," 0.02032457237"," 0.10856094597"," 0.03885741837","-3.1405625e-04","normal"
"-2.592287593"," 1.9321009034","-0.0257701186"," 1.656785078","-0.112744158"," 0.381778039"," 0.058693834"," 0.1167285881","-0.0843726861","-0.46507183357"," 0.5741461821"," 0.3644127956","-0.5131275200"," 0.18410908875"," 0.3294459412"," 0.037851332","-0.0258368078"," 0.4096519483"," 0.0502692288"," 0.3151459183"," 0.18520943214"," 0.14431592643","-0.01471794648","-2.3787205e-03","normal"
"-2.455837072","-0.2272303019"," 0.0080383494"," 1.491062408","-0.383504159","-0.724670443"," 0.050905700"," 0.6048498684","-0.5849302491","-0.63893521082"," 0.1355499995"," 0.3118481735","-0.3485267675","-0.53452684810","-0.3561635029"," 0.468676789","-0.6025432683","-0.0307835946","-0.2585989259","-0.0835783101"," 0.03691548732","-0.07162685085","-0.02671604336","-1.5283154e-02","normal"
" 1.986840753"," 1.0619098538","-1.5835724556","-0.786861235","-0.875579919"," 0.416298836"," 0.689957891","-1.2270996425","-0.3394658968","-0.12692591411","-0.1956445069","-1.1433457728"," 0.8308847305"," 0.06787217304"," 0.1973085709","-0.468880637"," 0.0110698311"," 0.2816622772"," 0.0710173165","-0.1807989634"," 0.14033121548"," 0.46708777502"," 0.12530076720","-4.8446726e-03","cancer"
" 6.847484811","-0.0253955185","-0.5651076396","-1.103377611","-0.503187130","-1.348168193","-0.421964640"," 1.6270618042","-0.8431719620"," 0.49162321839"," 1.8576559879"," 0.9558790675"," 1.9366272536"," 0.10301190893"," 1.3379474445"," 0.683225019","-0.4697373166"," 0.1508267127"," 0.2366685247","-0.5498253234"," 0.17538067318"," 0.25651788557","-0.07211142491","-1.3438564e-02","cancer"
" 6.109932881"," 4.6732862748","-0.3702202696","-3.667756048","-3.929066638","-0.385167194"," 1.442660726","-2.3475217905"," 0.0737167171","-0.05697649939"," 1.8998031623","-0.8942951518","-1.3961596099","-0.72009505453"," 0.0374621232"," 0.133262993","-0.1336634931","-0.4102661970"," 0.3047639068","-0.7303705342"," 0.34531823095","-0.15300692118"," 0.06837609228"," 4.6178642e-03","cancer"
"-0.271126917","-1.0038058822"," 0.1156531653"," 0.341163998","-0.389856016"," 0.665995261"," 0.478738523","-0.5259871452","-0.2712763311"," 0.03670819958","-0.3633293055"," 0.0073810504"," 0.0901586898"," 0.20052549522","-0.9440567832","-0.285017309","-0.2197885098"," 0.5393480834","-0.3657276614","-0.1620438856"," 0.12122539380","-0.00873694717","-0.30304857741"," 4.2929545e-03","cancer"
" 0.778747294","-4.2799042679"," 2.5091037806","-0.520037287"," 2.801545789","-0.627004342"," 0.095344380","-2.8473576053","-0.2222083359","-2.77636779400"," 0.7953067444","-1.0056911808"," 0.1193671801","-0.23497497679"," 0.0947853824","-0.047073761"," 0.0272520489"," 0.5482690039","-0.3356740412","-0.0035707591"," 0.31350589936"," 0.12425840329","-0.03328976180","-3.0120050e-04","cancer"
" 1.090789559"," 1.7743244038","-1.0193568610","-0.447070034"," 0.506186572"," 0.030189927"," 0.358165393","-0.4838851881","-0.2186169693","-0.23171531579"," 0.1053596336"," 0.1374891765","-0.0571129298","-0.44474441531"," 1.1005106323","-0.171522004","-0.0209959922"," 0.0753739558","-0.0610233268"," 0.0844065686"," 0.02937124556"," 0.15314758016"," 0.05805996977"," 1.6853231e-02","cancer"
" 2.223101984"," 3.6882503599"," 0.5740920449","-2.360540109","-1.255429675","-0.726023127"," 0.201217113","-0.8120035962"," 0.5085178287","-0.14566338320"," 0.6046597634"," 1.0527826624"," 0.6466614756"," 0.90495777645","-0.5964361036","-0.734083994","-0.1236405444","-0.2912941964"," 0.0268626449"," 0.4135422162","-0.42095441628","-0.21396187853","-0.00078632886"," 2.2490091e-03","cancer"
" 4.287528331","-1.4346109650"," 1.1935594656","-0.763570475"," 0.799190545","-1.003628023"," 0.247804409"," 0.0072404702"," 1.6065782264"," 1.22003755195"," 1.0268856707"," 0.4470245660","-0.0700902494"," 0.20574047015"," 0.1327103387"," 0.307099584"," 0.1529784596"," 0.8232127880"," 0.2841822169"," 0.2445759828","-0.68630436370","-0.00804109410","-0.07503001654","-1.5587330e-02","cancer"
" 0.066684368"," 2.8046041741","-0.1043568922"," 0.471446255","-1.685835036","-0.393505643","-0.290720234","-0.8699791791","-0.1269335521","-0.00023953192","-0.1381587262"," 0.4139846131"," 0.4514919998"," 0.17108442376","-0.1138076669","-0.015787716"," 0.2228773843"," 0.1282937285","-0.1785193771","-0.0337861235","-0.02157846154","-0.07021546445","-0.12185077830"," 1.6921597e-04","cancer"
"-0.572324129","-1.6338104370"," 1.3969933051","-0.843416991"," 1.060641389"," 0.142971278","-0.754322544","-0.3488983866"," 1.0308098046"," 1.21279443089","-0.2033734500"," 0.4045942207","-0.3993466329","-0.55284304420"," 0.4448961382"," 0.559173033","-0.4222797772","-0.3678249363","-0.1339410413"," 0.1854600633"," 0.13044422832","-0.01238835249","-0.10148136072","-9.8319359e-03","cancer"
" 4.430812003"," 0.4006335674"," 1.5499342711"," 0.469150400"," 0.644834100","-3.339743415"," 0.901411878"," 0.0354625511"," 2.1392602282","-0.09681888629"," 0.2179528539"," 0.9641893876"," 0.4998707214","-0.79437385712","-0.1760357470","-0.335926097"," 0.0473681720","-0.0878617457"," 0.3043152329","-0.2197009598"," 0.24904960726"," 0.16513825292","-0.05442688032"," 1.8287048e-02","cancer"
" 1.242187257"," 1.2408535917"," 0.2324122515"," 0.114623809"," 2.436006790","-1.769656727","-0.799133962"," 0.2337822035"," 0.5286936835","-1.35064757482"," 0.6071882228","-0.1264511312"," 0.2989896748"," 0.14494553454"," 0.0944218356","-0.545601665"," 0.4426260230","-0.4968649084"," 0.0953683467","-0.0442461752","-0.09057548667","-0.07489686789"," 0.11085092532","-2.8654604e-03","cancer"
" 0.175872164"," 1.4682927825","-1.2375775557"," 0.454058943"," 0.847548949"," 0.440414042","-0.346126400"," 1.0946056168"," 0.0517964166"," 0.32886279849","-0.5766270086","-0.0782195511"," 0.0824510232","-0.05888175776","-0.3385455173"," 0.530087437"," 0.3941630691"," 0.0845184092","-0.3000499907","-0.2924351336"," 0.31013945209","-0.21055029294"," 0.11442129475","-2.1312570e-03","cancer"
" 7.479023690","-2.1904498687"," 0.0880668942"," 3.659827655"," 0.289764828","-0.465199632","-0.166140729"," 0.8377890033","-1.7327151955"," 2.34250923336"," 2.1704303777","-0.9734065501"," 0.4169779204","-1.23106096920","-0.2564608685","-1.671971813"," 0.8075491731","-0.0396744834","-0.4942897492"," 0.4226587978"," 0.01445894103","-0.25239895127","-0.45842488812"," 1.4586678e-03","cancer"
" 2.421438980","-1.1645762863"," 2.9362355858","-1.145663909"," 2.049931993","-1.126368517","-1.039069417","-1.2360034938"," 1.2335934770"," 0.51920065202","-0.0209073066","-0.1025874086"," 0.3175661291"," 0.70884378268","-0.7029431815"," 0.092846655"," 0.1324890735","-1.0061247093","-0.2808496987","-0.0917787473","-0.00399447596"," 0.22146322832","-0.01099251968"," 8.4858878e-04","cancer"
" 4.906519727"," 1.6264180119","-0.0571182499"," 1.157884035"," 0.409139799","-2.929144928"," 1.439723076"," 0.1071623647","-0.1083160301"," 0.25946159231","-1.3423995112","-0.1000474553","-1.3068545754","-0.10951374666","-0.0687013294","-0.639207176","-0.0453978116"," 0.0654280721"," 0.0754201244","-0.0429240196"," 0.15515957147","-0.33213913617"," 0.35575944422","-2.6714355e-02","cancer"
" 0.744766161","-0.9179234260"," 0.9681161078","-1.366194717"," 1.130953646"," 2.024096671"," 2.554684620","-0.8865184331","-0.4666974614","-0.47379205130","-1.2993071519"," 0.7800195177"," 0.4774252201","-0.14979127294","-0.2910110492"," 0.172462156"," 0.0647226655"," 0.2514680877"," 0.5478865863"," 0.0389485799"," 0.07693663657","-0.18371468659","-0.24264279272","-5.2817202e-03","cancer"
" 5.784746200","-1.6424762027"," 2.9887632816","-2.782671093"," 1.423541283"," 0.368456214"," 0.732392201"," 2.8167047882","-2.5023130326","-0.41232529081","-0.5449927186","-0.3104642870","-0.2629369451"," 0.21018206345","-0.0227189474","-0.105549924"," 0.0596514088","-0.6955485873","-0.0915870133"," 0.0433238864","-0.26969000571"," 0.19523416028"," 0.22710707485","-1.0493385e-02","cancer"
" 0.414557183"," 1.0658693394"," 0.0060087688","-0.833023064"," 1.094910057"," 1.137527742"," 0.188012627"," 0.2497885215","-0.3437113387"," 0.17594137901","-0.2823555203","-0.0376941905"," 0.2459582079"," 0.30032418630","-0.2771987689","-0.123761655"," 0.1679296462"," 0.0948462829"," 0.2173173946","-0.0835519485"," 0.00619385856","-0.19055186092","-0.11817695356","-4.8194951e-03","cancer"
" 7.510608254","-3.0197138670"," 0.5882165150"," 3.585212062"," 0.233580720","-0.052496049","-3.353618462","-2.1985559138","-2.2479462529","-0.15597122751","-0.4242760442"," 0.4118084286","-0.9429298475"," 1.86795913692"," 0.4594098955","-0.286867315","-0.5264916110","-0.3004011162"," 0.8539538552","-0.5567388227","-0.00040405312","-0.30283370267","-0.04962679740"," 4.0528820e-03","cancer"
" 3.511267464"," 0.4583990769","-1.3068174918"," 0.851075876","-0.075456611","-2.003822265"," 1.440427914","-0.7835045599"," 0.2202608323"," 0.75376267445","-1.5409202329"," 0.7595555952","-0.4098637977","-0.23892300571"," 0.0997215577"," 0.651122992"," 0.5001433839"," 0.2260536545"," 0.2470110599"," 0.2156650755","-0.09436169544"," 0.29764617189","-0.15699614627","-8.6643854e-04","cancer"
" 0.934496481"," 1.4396945809","-0.6148528750"," 0.157858054"," 1.182274870"," 1.066036117"," 0.403190230"," 0.7242759923","-0.6431422955","-0.04891865927"," 0.9992601304"," 0.0310867591","-0.2787171675"," 0.29650776230","-0.0731233254"," 0.373045184"," 0.0222616257"," 0.0254875686","-0.6598817859","-0.1228279344"," 0.64759004857","-0.15429981235","-0.06478962479"," 7.7108557e-03","cancer"
" 1.052977391"," 1.2314621984","-0.7934068017"," 0.468938618"," 1.088109592","-0.030642589","-0.755538660"," 0.0795789789","-0.5381076175","-1.16472454748","-0.1971166405"," 0.2248483750"," 0.3038529933","-0.77138524141","-0.3283965471"," 0.611019707"," 0.4043446071","-0.0166076858"," 0.2412423336","-0.2592123778","-0.18951336667"," 0.08827099592","-0.17434262473"," 6.2860564e-04","cancer"
" 3.507657847"," 1.1970829865","-0.3315365144"," 1.248210207"," 0.340278099"," 0.533905570","-1.051049699","-0.0331544227","-0.3846952952","-0.82657032656"," 0.2764400692","-0.0800614772","-0.0647828702","-1.18199043581","-0.5619221428"," 0.027710072"," 0.7868688910","-0.2738891083"," 0.2985290477"," 0.3200961791","-0.15287910688"," 0.29721155838"," 0.56390215298"," 5.4697975e-03","cancer"
" 0.470769859"," 0.2181860904","-0.2259534698","-0.339085405"," 0.581396539"," 0.366271290"," 0.015522238"," 0.3639675438","-0.4293341323"," 0.20936071201","-0.9891043448"," 0.0762163292"," 0.3619156243"," 0.34609844206"," 0.0861598315"," 0.100568664"," 0.3780249834"," 0.3273158441"," 0.0247314313","-0.2807229454"," 0.37216193380","-0.13476866212","-0.02319025687","-1.5484706e-02","cancer"
" 1.166081954"," 1.4900112008","-0.6328357724"," 0.057727960"," 0.962611071","-0.462512633","-0.239321054"," 0.0572250902","-0.1365820184","-0.13201624583"," 0.5507291342"," 0.5442393024","-0.3033783869","-0.14791615814"," 0.5778002577"," 0.659634787","-0.3305522010","-0.1942803898","-0.0939355515"," 0.7620160386","-0.17935469444","-0.20920672367"," 0.14673211446","-1.6220830e-03","cancer"
" 1.901058485","-0.3679510416"," 0.3074107792"," 0.726745726"," 0.454732893"," 1.736541304"," 0.647906576","-0.4819842892","-1.3674815716"," 0.15212965087","-0.8753453968","-0.4243182291"," 0.2476963952","-1.00665972000"," 0.0422601170"," 0.069431579"," 0.4077413115","-0.1319813073"," 0.3893253939","-0.1491095069","-0.18687799623","-0.19447921598"," 0.12448656381"," 2.9966912e-02","cancer"
" 4.690684474","-0.1479745083","-0.3252307932"," 1.685170053","-0.398972383","-0.424039463","-0.069700283"," 0.0326876460","-0.2412920931"," 0.10491675503","-1.3177768489"," 1.2225126207"," 0.5654584795","-0.27858309788","-0.2804290198"," 0.153806177"," 0.5731055823","-0.0870469522"," 0.1231922244"," 0.4052272936"," 0.42240483238"," 0.07565754391"," 0.27177687651"," 1.9329967e-02","cancer"
" 0.518410410"," 2.1220351908","-1.2956056849","-0.603189567","-0.739667935"," 1.063644603"," 0.029750242","-0.7530089401"," 0.3064880506"," 0.21823956674","-0.6911001160"," 0.5138648338"," 0.4839336848","-0.13994517401"," 0.1700411629","-0.302427779"," 0.0602344955"," 0.1538447059"," 0.0232743723"," 0.0202918056","-0.04059420562","-0.08373863891"," 0.06221342650"," 2.9189299e-03","cancer"
" 2.734378382","-1.3643932289"," 0.8047747052"," 0.608615512"," 1.222639197"," 0.594738115"," 0.906135448"," 0.7576729327"," 0.0751458493"," 0.44406669656","-0.5494893372","-0.4546598669","-0.8716913825"," 0.11316883620"," 0.2765077582","-0.106340640","-0.7507092522"," 1.0649055567"," 0.1524689088"," 0.1580554475","-0.25173344465"," 0.00318123353"," 0.00992235936"," 2.8939747e-03","cancer"
" 4.726423139"," 0.4444198457","-0.8558892899","-4.152176452","-1.510088339"," 0.590726546","-0.874624306"," 1.4755731751","-0.9814078492"," 0.08718807978","-1.1695303207"," 0.6743628835","-0.8136115375","-0.42916519944","-0.2599929595","-0.770064207","-0.0273939752"," 0.4884388776","-0.0662822031","-0.0536503289"," 0.06539014974"," 0.20331605963","-0.27196971103","-1.2486222e-02","cancer"
" 1.506903504"," 0.2554950195","-0.1318748213","-0.091143012"," 0.443376116"," 0.220106105","-1.848624696","-0.3988462150"," 1.0336218412","-0.43419373183"," 0.1547764342","-0.1668262599","-0.1653268934","-0.17020056916"," 0.5597335000"," 0.528156954","-0.0522628072"," 0.4296645604","-0.5901030927"," 0.0078946170","-0.22416894817","-0.09222372954","-0.02987310316","-2.8257100e-03","cancer"
" 1.414298253"," 1.5037948551"," 0.3046120551"," 1.172279924"," 1.359460044","-0.282140069"," 0.586521362"," 1.2301202861"," 0.3880814914"," 0.46968855364","-0.6642477538","-1.0335645797","-0.0792716671"," 0.27073453603","-0.5405530391"," 0.190643906","-0.6309740018","-0.2908875529"," 0.0288398935"," 0.3964667032"," 0.49567872116"," 0.12920134152"," 0.08360180354","-1.1550960e-02","cancer"
" 3.096599725","-0.5743567925","-0.0100819472","-0.498915382","-1.046823049"," 2.065498609","-0.715254788"," 1.7935299757"," 0.8748329947","-0.53001823303"," 0.1553145045","-0.0229284177"," 1.3483714018","-0.48285672426","-0.2914557332","-0.642188758","-1.2749406871"," 0.0516261089","-0.4475625478","-0.2315562758","-0.22768561973","-0.13979042725"," 0.42941591521"," 6.8552547e-03","cancer"
" 5.534859077"," 1.6750755043"," 1.2535645721","-1.539606114","-0.253646651","-0.474601607","-0.199420548"," 2.0188122506","-0.4514065124"," 0.75655995939"," 0.3134241967","-1.2318770775","-0.3290078093"," 1.01701145494","-0.7159091537"," 1.174008623"," 0.0716854253","-0.2975427213"," 0.1919158797","-0.0564690050","-0.35386375815","-0.05398864190","-0.03375451082"," 2.7862231e-02","cancer"
" 3.852134810","-0.3925148139","-0.2492271210","-0.834670296","-0.143325509"," 0.956617789","-1.021734041","-0.3484644982","-0.3448595088"," 0.93091385558"," 0.5157245383","-0.2537718875"," 0.2780055299"," 1.17509443393","-0.8171131425","-0.281154801","-0.0193227643"," 0.8436216993"," 0.0665533261"," 0.4538844406"," 0.54926404356"," 0.04089903532"," 0.41120317749","-1.6760746e-03","cancer"
" 3.251355367"," 0.3806180014","-1.6411411114"," 0.833714333","-0.455588622"," 0.261261115","-0.121811009","-0.5310333124","-0.6219717708","-0.04869845012","-1.2676152420","-1.5397023447"," 1.2784100512","-0.60102539040"," 0.1897155776","-0.044171367","-1.3361380091","-0.5138997177"," 0.8242152120"," 0.4363238105","-0.07503809322"," 0.07212915293","-0.33922993838","-2.8823029e-03","cancer"
" 5.461122067"," 0.2204247987"," 0.6560708128"," 0.165838078"," 0.282204120","-1.668219926"," 0.411717208"," 1.3503060076"," 0.4190244960","-0.38133554760","-1.1784548239"," 0.1083402219","-0.0358632260","-0.44611230038"," 1.3808761189","-0.372609359","-0.4676394747"," 0.4479748572","-0.1943257158","-0.2228126398"," 0.22494204604","-0.19649532842"," 0.11325177607"," 1.5171968e-02","cancer"
"-3.152140166"," 3.4029070370","-0.2927497309"," 1.996120674"," 0.262541477"," 0.551492529","-0.594373422"," 0.5745078594","-0.3181309085","-0.43105878000"," 0.4379597422"," 0.3244884486","-0.0622927135"," 0.18874038317"," 0.1712456698"," 0.066912344","-0.0633056054","-0.1652697892"," 0.1932501407"," 0.1224298341","-0.11986573285"," 0.00658158951","-0.04239778106"," 1.4452679e-03","cancer"
"-1.061846237"," 1.0446023542","-1.0166819942","-1.044301845"," 1.178114973"," 0.380973949","-1.541784303"," 0.1226963804"," 0.4111307244"," 0.22913044798"," 0.4447633734","-0.2775934011","-0.1875447855","-0.16632806226"," 1.0722418694","-0.028210861"," 0.0510759960","-0.0868014605","-0.0486456599"," 0.1650404935","-0.13743486014","-0.10435865520"," 0.04385196335"," 1.3693091e-04","cancer"
" 3.141541052"," 3.0723714787","-1.1384323803"," 2.025997951","-1.330660114","-1.087792514"," 2.165194259","-1.6327186529"," 0.7382672416"," 0.74211270081","-0.9351627024","-2.0690773817"," 0.7169456700"," 0.59387846540","-0.0278486051"," 0.679641345","-0.0235883350"," 0.1792247153","-0.6808680550","-0.1123847714","-0.37487445744"," 0.04259917083"," 0.02823298076","-1.4403205e-03","cancer"
"-0.129300334"," 1.6426122979","-1.1459276484","-0.429051815"," 1.286904261"," 0.107927118","-1.043513498","-0.0278847695"," 0.0881533241","-0.24795766955"," 0.2950951326","-0.1109451653","-0.1262324885","-0.55738521963","-0.2538306283"," 0.341505285"," 0.0949799042","-0.0138085127"," 0.0103221381","-0.2708915229"," 0.00767618123","-0.11664601240","-0.13394213370","-1.4013053e-02","cancer"
" 1.455273874","-1.2921836928"," 1.7817961209","-0.653915310"," 2.238403097","-0.463629399","-0.082473268","-0.3080797759"," 0.3643058971","-0.51061527419","-0.1881970514","-0.8568576115"," 0.3567503638"," 0.26608161876","-0.0248363606","-0.138372634"," 0.5253406406"," 0.2800289324","-0.2123480814","-0.3906478083","-0.16409191329","-0.13502502302","-0.06810410710","-4.9104724e-03","cancer"
"-2.948351064"," 0.7873362697"," 1.6052734674"," 0.505051949","-0.792681496"," 0.328152882","-0.099735336","-0.4475597585","-0.1995195606"," 0.29445338060"," 0.4756532925"," 0.0153558320"," 0.4667702771"," 0.06541351283"," 0.1749643543","-0.054774049"," 0.6980251885","-0.1361282125"," 0.2813965999"," 0.0357456749","-0.03164212801"," 0.00934742424"," 0.05612027483","-9.3507109e-03","cancer"
"-0.316456098"," 1.0179103208"," 1.0044516190","-1.060458040","-1.561817501"," 0.366877655"," 0.491386968"," 0.2065708109","-0.2118514330","-0.25686136561"," 0.2167653046"," 0.0349737142"," 0.0386187356"," 0.70428692536"," 0.3118483844"," 0.190296848"," 0.6766368342"," 0.3819111399","-0.1470461714"," 0.2537374902"," 0.14363496802"," 0.14912095642","-0.21213306425","-4.7914492e-03","cancer"
" 4.352283985"," 0.0050507466"," 1.1597663257","-1.527610373","-0.354605062"," 0.443422891","-1.518575027","-0.6424701005"," 0.6448808353","-2.77171867862","-0.8966450400","-0.3178748449"," 0.1451122736","-0.77695759699","-0.2584939358"," 0.016874154"," 0.1721200202"," 0.1178214402","-0.2145873758"," 0.4193408523","-0.15487104944","-0.17482312348","-0.17912960282","-9.0807638e-03","cancer"
"10.635233138","-5.3295834143","-0.6449341208"," 3.870526999","-3.385909190"," 3.159225684"," 1.049465336"," 1.7286199692"," 4.0422901304","-1.22707094632"," 0.6274267304"," 0.1184519795","-0.7903125281"," 0.40342463219"," 0.1468349553"," 0.243555511"," 0.4654290270","-0.4732450508"," 0.2967564112","-0.0690917479"," 0.04796922096","-0.00033610973","-0.11779414321","-7.1874359e-03","cancer"
"-0.970338147","-0.0153531195","-0.5242566048","-1.333339610"," 1.055402431"," 0.192401161"," 0.346785932","-0.2389899538"," 0.1656524942","-0.03220930122"," 0.0534533399","-0.2299514772","-0.2363224598"," 0.65481694491"," 0.8741110420"," 0.185199041"," 0.1707429692","-0.8765019408","-0.3731101005"," 0.3534205607"," 0.14935216139","-0.15434993938","-0.13418016114"," 4.4802206e-03","cancer"
" 6.435372693","-1.9605245980","-0.5038747695"," 0.410647901","-1.316036006"," 1.146744481"," 0.247543319","-2.0066779583","-2.1913440393"," 0.47792804478","-0.2053254205"," 1.3296460612","-1.0657485140","-0.34316620310","-0.1673572505"," 0.328581784","-0.1628391930","-0.5874962551","-1.1059403809","-0.0175334954","-0.38791200438"," 0.56176080045"," 0.10140969462","-1.0761451e-02","cancer"
" 3.805032479"," 1.8396570498"," 0.1252105271","-2.630463486"," 0.214391336","-0.015954962"," 0.425154114"," 0.1126891879","-0.2005743589","-0.74711134114"," 0.8253166353"," 0.6904801953","-0.1777517049"," 0.37800622404","-0.7966648416"," 0.478463635","-0.2576587031"," 0.2128504218","-0.0707588423"," 0.5052688033"," 0.15873774237","-0.45430145849","-0.20610030828"," 1.2157625e-02","cancer"
